[
  {
    "type": "healthBar",
    "backdrop": "img/boss/boss-health-line.png",
    "bar": "img/boss/boss-health-line-2.png",
    "left": 10,
    "right": 10
  },
  {
    "type": "ufo",
    "name": "ufo",
    "graphics":
    {
      "sprite": "img/boss/first-boss.png"
    },
    "params":
    {
      "health": 200,
      "speed": 1,
      "weapon": "ufo_slow",
      "fast_weapon": "ufo_fast",
      "hitbox": [11, 6, 22, 28]
    }
  },
  {
    "type": "big_boss",
    "name": "big_boss",
    "graphics":
    {
      "defence": "img/boss/big-boss-def.gif",
      "idle": "img/boss/big-boss.png",
      "attack": "img/boss/big-boss.gif",
      "attack_2": "img/boss/big-boss-2.gif"
    },
    "params":
    {
       "health": 100,
       "weapon": "big_boss",
       "hitbox": [43, 0, 76, 72]
    }
  },
  {
    "type": "big_boss_turret",
    "name": "big_boss_turret_left",
    "graphics":
    {
      "sprite": "img/boss/turret-left.gif"
    },
    "params":
    {
      "health": 40,
      "weapon": "big_boss_turret",
      "fire_pos": [36, 10],
      "direction": "left",
      "hitbox": [3, 1, 24, 28]
    }
  },
  {
    "type": "big_boss_turret",
    "name": "big_boss_turret_right",
    "graphics":
    {
      "sprite": "img/boss/turret-right.gif"
    },
    "params":
    {
      "health": 40,
      "weapon": "big_boss_turret",
      "fire_pos": [3, 10],
      "hitbox": [13, 1, 24, 28]
    }
  }
]