[
  {
    "type": "singletone",
    "name": "blast",
    "graphics":
    {
      "sprite": "img/effects/blast.png"
    },
    "params":
    {
      "sound": "blast"
    }
  },
  {
    "type": "singletone",
    "name": "blood",
    "graphics":
    {
      "sprite": "img/effects/blood.png"
    },
    "params": { }
  },
  {
    "type": "splatter",
    "name": "blood_splatter",
    "graphics":
    {
      "sprite": "img/effects/blood-splatters.png"
    },
    "params":
    {
      "lifetime": 4
    }
  }
]