[
  {
    "name": "regular",
    "map": "!\"#$%&'()*+,-./\n0123456789:;<=>?\n@ABCDEFGHIJKLMNO\nPQRSTUVWXYZ[\\]^_\n∞©{|}~✕\nФИСВУАПРОЛДЬТЩ\nЗЙКЫЕГМЦЧНЯ",
    "gap": 1,
    "vgap": 1,
    "spaceSize": 6,
    "source": "img/gui/font-mono.png"
  },
  {
    "name": "scanline", // ∞✕
    "map": "!\"#$%&'()*+,-./\n0123456789:;<=>?\n@ABCDEFGHIJKLMNO\nPQRSTUVWXYZ[\\]^_\n∞©{|}~✕\nФИСВУАПРОЛДЬТЩ\nЗЙКЫЕГМЦЧНЯ",
    "gap": 1,
    "vgap": 1,
    "spaceSize": 6,
    "source": "img/gui/font-color.png"
  }
]