[
  {
    "type": "spider",
    "name": "spider",
    "graphics":
    {
      "n": "img/enemies/spider-N.png",
      "e": "img/enemies/spider-E.png",
      "s": "img/enemies/spider-S.png",
      "w": "img/enemies/spider-W.png"
    },
    "params":
    {
      "speed": 2,
      "effect": "blast",
      "hurt_effect": "blood",
      "die_effect": "blood_splatter",
      "damage": 1,
      "hitbox": [6, 5, 9, 9] // Актуальный хитбокс для спрайта
    }
  },
  {
    "type": "jumper",
    "name": "jumper",
    "graphics":
    {
      "n": "img/enemies/jumper-N.png",
      "e": "img/enemies/jumper-E.png",
      "s": "img/enemies/jumper-S.png",
      "w": "img/enemies/jumper-W.png",
      "shadow": "img/enemies/jumper-shadow.png"
    },
    "params":
    {
      "effect": "blast",
      "hurt_effect": "blood",
      "die_effect": "blood_splatter",
      "jump_range": 32,
      "long_jump": 64,
      "damage": 1,
      "hitbox": [4, 5, 9, 9]
    }
  },
  {
    "type": "gunner",
    "name": "gunner",
    "graphics":
    {
      "n": "img/enemies/gunner-N.png",
      "e": "img/enemies/gunner-E.png",
      "s": "img/enemies/gunner-S.png",
      "w": "img/enemies/gunner-W.png",
      "ne": "img/enemies/gunner-NE.png",
      "nw": "img/enemies/gunner-NW.png",
      "se": "img/enemies/gunner-SE.png",
      "sw": "img/enemies/gunner-SW.png"
    },
    "params":
    {
      "health": 6,
      "hurt_effect": "blood",
      "die_effect": "blood_splatter",
      "fear_range": 64,
      "fire_range": 96,
      "chain_delay": 0.1,
      "chain_count": 2,
      "speed": 1,
      "weapon": "gunner",
      "fire_sound": "gunner_attack",
      "hitbox": [4, 5, 9, 16]
    }
  },
  {
    "type": "enforcer",
    "name": "enforcer",
    "graphics":
    {
      "n": "img/enemies/enforcer/north.gif",
      "e": "img/enemies/enforcer/east.gif",
      "s": "img/enemies/enforcer/south.gif",
      "w": "img/enemies/enforcer/west.gif",
      "ne": "img/enemies/enforcer/north-east.gif",
      "nw": "img/enemies/enforcer/north-west.gif",
      "se": "img/enemies/enforcer/south-east.gif",
      "sw": "img/enemies/enforcer/south-west.gif"
    },
    "params":
    {
      "health": 150,
      "hurt_effect": "blood",
      "die_effect": "blood_splatter",
      "fear_range": 64,
      "fire_range": 96,
      "speed": 0.5,
      "weapon": "gunner_launcher",
      "fire_sound": "gunner_attack",
      "hitbox": [4, 5, 9, 16]
    }
  },
  {
    "type": "bomber",
    "name": "bomber",
    "graphics":
    {
      "n": "img/enemies/bomberman-N.png",
      "e": "img/enemies/bomberman-E.png",
      "s": "img/enemies/bomberman-S.png",
      "w": "img/enemies/bomberman-W.png",
      "fire-n": "img/enemies/bomberman-N-attack.png",
      "fire-e": "img/enemies/bomberman-E-attack.png",
      "fire-s": "img/enemies/bomberman-S-attack.png",
      "fire-w": "img/enemies/bomberman-W-attack.png"
    },
    "params":
    {
      "health": 6,
      "fear_range": 64,
      "fire_range": 96,
      "bomb_range": 100,
      "fire_sound": "bomberman_attack",
      "speed": 1,
      "weapon": "gunner_launcher",
      "hitbox": [6, 4, 9, 12]
    }
  },
  {
    "type": "sniper",
    "name": "sniper",
    "graphics":
    {
      "n": "img/enemies/sniper-N.png",
      "e": "img/enemies/sniper-E.png",
      "s": "img/enemies/sniper-S.png",
      "w": "img/enemies/sniper-W.png",
      "fire-n": "img/enemies/sniper-N-attack.png",
      "fire-e": "img/enemies/sniper-E-attack.png",
      "fire-s": "img/enemies/sniper-S-attack.png",
      "fire-w": "img/enemies/sniper-W-attack.png"
    },
    "params":
    {
      "health": 16,
      "fear_range": 64,
      "fire_range": 96,
      "bomb_range": 100,
      "fire_sound": "bomberman_attack",
      "speed": 0.5,
      "weapon": "sniper",
      "hitbox": [6, 4, 9, 12]
    }
  },
  {
    "type": "plasmaball",
    "name": "plasmaball",
    "graphics":
    {
      "sprite": "img/enemies/plasma-ball.png"
    },
    "params":
    {
      "health": 6,
      "speed": 1,
      "fire_sound": "bomberman_attack",
      "weapon": "plasmaball",
      "hitbox": [3, 4, 10, 10]
    }
  },
  {
    "type": "ghost",
    "name": "ghost",
    "graphics":
    {
      "sprite": "img/enemies/ghost.png"
    },
    "params":
    {
      "health": 6,
      "speed": 1,
      "monster": "plasmachild",
      "hitbox": [3, 4, 10, 10]
    }
  },
  {
    "type": "plasmaball",
    "name": "dummy",
    "graphics":
    {
      "sprite": "img/enemies/plasma-ball.png"
    },
    "params":
    {
      "health": 6,
      "speed": 0.5,
      "hurt_effect": "blood",
      "die_effect": "blood_splatter",
      "weapon": null,
      "hitbox": [3, 4, 10, 10]
    }
  },
  {
    "type": "plasmaball",
    "name": "plasmachild",
    "graphics":
    {
      "sprite": "img/enemies/plasma-ball.png"
    },
    "params":
    {
      "health": 4,
      "speed": 0.3,
      "weapon": "plasmaball",
      "hitbox": [3, 4, 10, 10]
    }
  },
  {
    "type": "tank",
    "name": "tank",
    "graphics":
    {
      "w": "img/enemies/tank/tank-ew.gif",
      "s": "img/enemies/tank/tank-ns.gif",
      "e": "img/enemies/tank/tank-we.gif",
      "n": "img/enemies/tank/tank-sn.gif",
      "tower": "img/enemies/tank/tank-tower.gif"
    },
    "params":
    {
      "health": 4,
      "speed": 0.3,
      "weapon": null,
      "tower_offset": [1, 1]
    }
  }
]