[
  // Дверка. Настроек нет, онли графика
  {
    "type": "door",
    "name": "door",
    "graphics":
    {
      "n": "img/elements/door-n.png",
      "s": "img/elements/door-s.png",
      "e": "img/elements/door-e.png",
      "w": "img/elements/door-w.png"
    },
    "params":
    {
      "sound": "door_open"
    }
  },
  // Игрок
  {
    "type": "player",
    "name": "player",
    "graphics":
    {
      "a0": "img/enemies/hero/hero-E.gif" ,
      "a1": "img/enemies/hero/hero-SE.gif",
      "a2": "img/enemies/hero/hero-SE2.gif",
      "a3": "img/enemies/hero/hero-SE3.gif",
      "a4": "img/enemies/hero/hero-SE4.gif",
      "a5": "img/enemies/hero/hero-S.gif" ,
      "a6": "img/enemies/hero/hero-SW4.gif",
      "a7": "img/enemies/hero/hero-SW3.gif",
      "a8": "img/enemies/hero/hero-SW2.gif",
      "a9": "img/enemies/hero/hero-SW.gif",
      "a10": "img/enemies/hero/hero-W.gif" ,
      "a11": "img/enemies/hero/hero-NW.gif",
      "a12": "img/enemies/hero/hero-NW2.gif",
      "a13": "img/enemies/hero/hero-NW3.gif",
      "a14": "img/enemies/hero/hero-NW4.gif",
      "a15": "img/enemies/hero/hero-N.gif" ,
      "a16": "img/enemies/hero/hero-NE4.gif",
      "a17": "img/enemies/hero/hero-NE3.gif",
      "a18": "img/enemies/hero/hero-NE2.gif",
      "a19": "img/enemies/hero/hero-NE.gif"
    },
    "params":
    {
      "speed": 2,
      "weapons": ["plasma", "launcher"],
      "hitbox": [5, 7, 8, 12]
    }
  },
  // Флипалка для монстров
  {
    "type": "flipper",
    "name": "flipper",
    "graphics":
    {
      "create": "img/elements/flipper-mark-spawn.gif",
      "mark": "img/elements/flipper-mark.png",
      "spawn": "img/elements/flipper-spawn.png",
      "hole": "img/elements/flipper-hole.png",
      "close": "img/elements/flipper-close.gif"
    }
  },
  {
    "type": "lift",
    "name": "lift",
    "graphics":
    {
      "sprite": "img/elements/lift.gif"
    }
  }
]