{
  "background": "img/gui/item-slot.png",
  "progress": "img/gui/item-line.png",
  "items": "img/gui/items.png",
  "pickups":
  [
    {
      "type": "money",
      "name": "money",
      "params":
      {
        "tile": [0, 0],
        "amount": 1
      }
    },
    {
      "type": "health",
      "name": "health",
      "params":
      {
        "tile": [1, 0],
        "amount": 1
      }
    },
    {
      "type": "shield",
      "name": "shield",
      "params":
      {
        "tile": [4, 0],
        "amount": 4
      }
    },
    {
      "type": "triple",
      "name": "triple",
      "params":
      {
        "tile": [2, 1],
        "active_time": 10,
        "angle": 15
      }
    },
    {
      "type": "armor",
      "name": "armor",
      "params":
      {
        "tile": [0, 1],
        "active_time": 10,
        "angle": 15
      },
      "graphics":
      {
        "armor": "img/elements/armor.png"
      }
    },
    {
      "type": "speedup",
      "name": "speedup",
      "params":
      {
        "tile": [5, 0],
        "active_time": 10,
        "percent": 30
      }
    },
    {
      "type": "bomb",
      "name": "bomb",
      "params":
      {
        "tile": [7, 0],
        "range": 5,
        "damage": 3
      }
    }
  ]
}