[
  // Menu
  {
    "name": "menu_change",
    "file": "sounds/another/menu-changing.wav"
  },
  {
    "name": "menu_selection",
    "file": "sounds/another/menu-selection.wav"
  },
  // Game
  {
    "name": "blast",
    "file": "sounds/enemies/explosion.wav"
  },
  {
    "name": "door_open",
    "file": "sounds/another/door.wav"
  },
  {
    "name": "bomberman_attack",
    "file": "sounds/enemies/bazooka attack.wav"
  },
  {
    "name": "gunner_attack",
    "file": "sounds/enemies/gunner-fire.wav"
  }
]